,Product Name,Prices,Offer,Offer Price
0,ASUS ROG Zephyrus G14 Ryzen 7 Octa Core 4800HS - (8 GB/1 TB SSD/Windows 10 Home/4 GB Graphics/NVIDIA G...,"? 73,990",40% off,"? 1,23,990"
1,ASUS ROG Strix G15 (2021) Ryzen 7 Octa Core 4800H - (8 GB/512 GB SSD/Windows 10 Home/4 GB Graphics/NVI...,"? 76,990",15% off,"? 90,990"
2,MSI Modern 14 Ryzen 5 Hexa Core 4500U - (8 GB/512 GB SSD/Windows 10 Home) Modern 14 B4MW-423IN Thin an...,"? 39,990",35% off,"? 61,990"
3,Lenovo IdeaPad 3 Core i3 10th Gen - (8 GB/256 GB SSD/Windows 11 Home) 15IML05 Thin and Light Laptop,"? 34,490",40% off,"? 57,990"
4,Lenovo IdeaPad 3 Core i3 11th Gen - (8 GB/512 GB SSD/Windows 11 Home) 15ITL6 Thin and Light Laptop,"? 37,990",41% off,"? 64,490"
5,ASUS VivoBook 15 (2022) Core i3 10th Gen - (8 GB/512 GB SSD/Windows 11 Home) X515JA-EJ362WS Thin and L...,"? 35,990",29% off,"? 50,990"
6,HP Core i3 11th Gen - (8 GB/512 GB SSD/Windows 11 Home) 15s-fq2627TU Thin and Light Laptop,"? 39,490",23% off,"? 51,506"
7,ASUS Ryzen 7 Octa Core 5800HS - (16 GB/512 GB SSD/Windows 10 Home/4 GB Graphics) GA401QH-HZ080TS Thin ...,"? 79,990",39% off,"? 1,31,990"
8,HP Core i3 11th Gen - (8 GB/512 GB SSD/Windows 11 Home) 15s-fq2629TU Thin and Light Laptop,"? 41,990",18% off,"? 51,748"
9,Lenovo Core i3 10th Gen - (8 GB/512 GB SSD/Windows 11 Home) 15IML05 Thin and Light Laptop,"? 36,990",40% off,"? 62,190"
10,DELL Inspiron Athlon Dual Core 3050U - (8 GB/256 GB SSD/Windows 11 Home) Inspiron 3525 Notebook,"? 29,990",35% off,"? 46,263"
11,ASUS ROG Zephyrus G15 Ryzen 9 Octa Core 5900HS - (16 GB/1 TB SSD/Windows 10 Home/6 GB Graphics/NVIDIA ...,"? 1,41,990",25% off,"? 1,89,990"
12,HP Core i3 11th Gen - (8 GB/256 GB SSD/Windows 11 Home) 14s- dy2506TU Thin and Light Laptop,"? 35,990",26% off,"? 48,933"
13,ASUS Core i3 11th Gen - (8 GB/256 GB SSD/Windows 11 Home) X515EA-EJ312WS Thin and Light Laptop,"? 34,990",33% off,"? 52,990"
14,"DELL Vostro Core i3 10th Gen - (8 GB/1 TB HDD/256 GB SSD/Windows 11 Home) Vostro 3510, X9K0T Thin and ...","? 39,990",27% off,"? 54,781"
15,ASUS Vivobook Pro Ryzen 9 Octa Core 5900HX - (8 GB/1 TB SSD/Windows 10 Home/4 GB Graphics/NVIDIA GeFor...,"? 99,990",33% off,"? 1,49,990"
16,HP Ryzen 3 Quad Core 5300U - (8 GB/512 GB SSD/Windows 11 Home) 14s-fq1089au Thin and Light Laptop,"? 43,990",16% off,"? 52,900"
17,ASUS VivoBook 15 (2021) Core i3 11th Gen - (8 GB/1 TB HDD/Windows 11 Home) X515EA-BR391W Thin and Ligh...,"? 33,990",27% off,"? 46,990"
18,Lenovo IdeaPad 3 Ryzen 5 Hexa Core 5500U - (8 GB/512 GB SSD/Windows 11 Home) 15ALC6 Thin and Light Lap...,"? 47,490",30% off,"? 68,490"
19,ASUS ROG Strix G15 Ryzen 7 Octa Core 6800H - (16 GB/512 GB SSD/Windows 11 Home/4 GB Graphics/NVIDIA Ge...,"? 1,06,990",19% off,"? 1,32,990"
20,HP Pavilion Ryzen 5 Hexa Core 5600H - (8 GB/512 GB SSD/Windows 10/4 GB Graphics/NVIDIA GeForce GTX 165...,"? 54,990",27% off,"? 76,021"
21,acer Aspire 3 Dual Core 3020e - (4 GB/256 GB SSD/Windows 11 Home) A314-22 Laptop,"? 23,990",31% off,"? 34,999"
22,HP Core i5 11th Gen - (8 GB/512 GB SSD/Windows 11 Home) 15s-du3517TU Thin and Light Laptop,"? 51,490",26% off,"? 70,171"
23,ASUS ROG Strix G15 Ryzen 7 Octa Core 4800H - (8 GB/512 GB SSD/Windows 11 Home/4 GB Graphics/NVIDIA GeF...,"? 75,990",29% off,"? 1,07,990"
24,ASUS ROG Zephyrus G14 Ryzen 7 Octa Core 4800HS - (8 GB/1 TB SSD/Windows 10 Home/4 GB Graphics/NVIDIA G...,"? 73,990",40% off,"? 1,23,990"
25,ASUS ROG Strix G15 (2021) Ryzen 7 Octa Core 4800H - (8 GB/512 GB SSD/Windows 10 Home/4 GB Graphics/NVI...,"? 76,990",15% off,"? 90,990"
26,MSI Modern 14 Ryzen 5 Hexa Core 4500U - (8 GB/512 GB SSD/Windows 10 Home) Modern 14 B4MW-423IN Thin an...,"? 39,990",35% off,"? 61,990"
27,Lenovo IdeaPad 3 Core i3 10th Gen - (8 GB/256 GB SSD/Windows 11 Home) 15IML05 Thin and Light Laptop,"? 34,490",40% off,"? 57,990"
28,Lenovo IdeaPad 3 Core i3 11th Gen - (8 GB/512 GB SSD/Windows 11 Home) 15ITL6 Thin and Light Laptop,"? 37,990",41% off,"? 64,490"
29,ASUS VivoBook 15 (2022) Core i3 10th Gen - (8 GB/512 GB SSD/Windows 11 Home) X515JA-EJ362WS Thin and L...,"? 35,990",29% off,"? 50,990"
30,HP Core i3 11th Gen - (8 GB/512 GB SSD/Windows 11 Home) 15s-fq2627TU Thin and Light Laptop,"? 39,490",23% off,"? 51,506"
31,ASUS Ryzen 7 Octa Core 5800HS - (16 GB/512 GB SSD/Windows 10 Home/4 GB Graphics) GA401QH-HZ080TS Thin ...,"? 79,990",39% off,"? 1,31,990"
32,HP Core i3 11th Gen - (8 GB/512 GB SSD/Windows 11 Home) 15s-fq2629TU Thin and Light Laptop,"? 41,990",18% off,"? 51,748"
33,Lenovo Core i3 10th Gen - (8 GB/512 GB SSD/Windows 11 Home) 15IML05 Thin and Light Laptop,"? 36,990",40% off,"? 62,190"
34,DELL Inspiron Athlon Dual Core 3050U - (8 GB/256 GB SSD/Windows 11 Home) Inspiron 3525 Notebook,"? 29,990",35% off,"? 46,263"
35,ASUS ROG Zephyrus G15 Ryzen 9 Octa Core 5900HS - (16 GB/1 TB SSD/Windows 10 Home/6 GB Graphics/NVIDIA ...,"? 1,41,990",25% off,"? 1,89,990"
36,HP Core i3 11th Gen - (8 GB/256 GB SSD/Windows 11 Home) 14s- dy2506TU Thin and Light Laptop,"? 35,990",26% off,"? 48,933"
37,ASUS Core i3 11th Gen - (8 GB/256 GB SSD/Windows 11 Home) X515EA-EJ312WS Thin and Light Laptop,"? 34,990",33% off,"? 52,990"
38,"DELL Vostro Core i3 10th Gen - (8 GB/1 TB HDD/256 GB SSD/Windows 11 Home) Vostro 3510, X9K0T Thin and ...","? 39,990",27% off,"? 54,781"
39,ASUS Vivobook Pro Ryzen 9 Octa Core 5900HX - (8 GB/1 TB SSD/Windows 10 Home/4 GB Graphics/NVIDIA GeFor...,"? 99,990",33% off,"? 1,49,990"
40,HP Ryzen 3 Quad Core 5300U - (8 GB/512 GB SSD/Windows 11 Home) 14s-fq1089au Thin and Light Laptop,"? 43,990",16% off,"? 52,900"
41,ASUS VivoBook 15 (2021) Core i3 11th Gen - (8 GB/1 TB HDD/Windows 11 Home) X515EA-BR391W Thin and Ligh...,"? 33,990",27% off,"? 46,990"
42,Lenovo IdeaPad 3 Ryzen 5 Hexa Core 5500U - (8 GB/512 GB SSD/Windows 11 Home) 15ALC6 Thin and Light Lap...,"? 47,490",30% off,"? 68,490"
43,ASUS ROG Strix G15 Ryzen 7 Octa Core 6800H - (16 GB/512 GB SSD/Windows 11 Home/4 GB Graphics/NVIDIA Ge...,"? 1,06,990",19% off,"? 1,32,990"
44,HP Pavilion Ryzen 5 Hexa Core 5600H - (8 GB/512 GB SSD/Windows 10/4 GB Graphics/NVIDIA GeForce GTX 165...,"? 54,990",27% off,"? 76,021"
45,acer Aspire 3 Dual Core 3020e - (4 GB/256 GB SSD/Windows 11 Home) A314-22 Laptop,"? 23,990",31% off,"? 34,999"
46,HP Core i5 11th Gen - (8 GB/512 GB SSD/Windows 11 Home) 15s-du3517TU Thin and Light Laptop,"? 51,490",26% off,"? 70,171"
47,ASUS ROG Strix G15 Ryzen 7 Octa Core 4800H - (8 GB/512 GB SSD/Windows 11 Home/4 GB Graphics/NVIDIA GeF...,"? 75,990",29% off,"? 1,07,990"
48,ASUS ROG Zephyrus G14 Ryzen 7 Octa Core 4800HS - (8 GB/1 TB SSD/Windows 10 Home/4 GB Graphics/NVIDIA G...,"? 73,990",40% off,"? 1,23,990"
49,ASUS ROG Strix G15 (2021) Ryzen 7 Octa Core 4800H - (8 GB/512 GB SSD/Windows 10 Home/4 GB Graphics/NVI...,"? 76,990",15% off,"? 90,990"
50,MSI Modern 14 Ryzen 5 Hexa Core 4500U - (8 GB/512 GB SSD/Windows 10 Home) Modern 14 B4MW-423IN Thin an...,"? 39,990",35% off,"? 61,990"
51,Lenovo IdeaPad 3 Core i3 10th Gen - (8 GB/256 GB SSD/Windows 11 Home) 15IML05 Thin and Light Laptop,"? 34,490",40% off,"? 57,990"
52,Lenovo IdeaPad 3 Core i3 11th Gen - (8 GB/512 GB SSD/Windows 11 Home) 15ITL6 Thin and Light Laptop,"? 37,990",41% off,"? 64,490"
53,ASUS VivoBook 15 (2022) Core i3 10th Gen - (8 GB/512 GB SSD/Windows 11 Home) X515JA-EJ362WS Thin and L...,"? 35,990",29% off,"? 50,990"
54,HP Core i3 11th Gen - (8 GB/512 GB SSD/Windows 11 Home) 15s-fq2627TU Thin and Light Laptop,"? 39,490",23% off,"? 51,506"
55,ASUS Ryzen 7 Octa Core 5800HS - (16 GB/512 GB SSD/Windows 10 Home/4 GB Graphics) GA401QH-HZ080TS Thin ...,"? 79,990",39% off,"? 1,31,990"
56,HP Core i3 11th Gen - (8 GB/512 GB SSD/Windows 11 Home) 15s-fq2629TU Thin and Light Laptop,"? 41,990",18% off,"? 51,748"
57,Lenovo Core i3 10th Gen - (8 GB/512 GB SSD/Windows 11 Home) 15IML05 Thin and Light Laptop,"? 36,990",40% off,"? 62,190"
58,DELL Inspiron Athlon Dual Core 3050U - (8 GB/256 GB SSD/Windows 11 Home) Inspiron 3525 Notebook,"? 29,990",35% off,"? 46,263"
59,ASUS ROG Zephyrus G15 Ryzen 9 Octa Core 5900HS - (16 GB/1 TB SSD/Windows 10 Home/6 GB Graphics/NVIDIA ...,"? 1,41,990",25% off,"? 1,89,990"
60,HP Core i3 11th Gen - (8 GB/256 GB SSD/Windows 11 Home) 14s- dy2506TU Thin and Light Laptop,"? 35,990",26% off,"? 48,933"
61,ASUS Core i3 11th Gen - (8 GB/256 GB SSD/Windows 11 Home) X515EA-EJ312WS Thin and Light Laptop,"? 34,990",33% off,"? 52,990"
62,"DELL Vostro Core i3 10th Gen - (8 GB/1 TB HDD/256 GB SSD/Windows 11 Home) Vostro 3510, X9K0T Thin and ...","? 39,990",27% off,"? 54,781"
63,ASUS Vivobook Pro Ryzen 9 Octa Core 5900HX - (8 GB/1 TB SSD/Windows 10 Home/4 GB Graphics/NVIDIA GeFor...,"? 99,990",33% off,"? 1,49,990"
64,HP Ryzen 3 Quad Core 5300U - (8 GB/512 GB SSD/Windows 11 Home) 14s-fq1089au Thin and Light Laptop,"? 43,990",16% off,"? 52,900"
65,ASUS VivoBook 15 (2021) Core i3 11th Gen - (8 GB/1 TB HDD/Windows 11 Home) X515EA-BR391W Thin and Ligh...,"? 33,990",27% off,"? 46,990"
66,Lenovo IdeaPad 3 Ryzen 5 Hexa Core 5500U - (8 GB/512 GB SSD/Windows 11 Home) 15ALC6 Thin and Light Lap...,"? 47,490",30% off,"? 68,490"
67,ASUS ROG Strix G15 Ryzen 7 Octa Core 6800H - (16 GB/512 GB SSD/Windows 11 Home/4 GB Graphics/NVIDIA Ge...,"? 1,06,990",19% off,"? 1,32,990"
68,HP Pavilion Ryzen 5 Hexa Core 5600H - (8 GB/512 GB SSD/Windows 10/4 GB Graphics/NVIDIA GeForce GTX 165...,"? 54,990",27% off,"? 76,021"
69,acer Aspire 3 Dual Core 3020e - (4 GB/256 GB SSD/Windows 11 Home) A314-22 Laptop,"? 23,990",31% off,"? 34,999"
70,HP Core i5 11th Gen - (8 GB/512 GB SSD/Windows 11 Home) 15s-du3517TU Thin and Light Laptop,"? 51,490",26% off,"? 70,171"
71,ASUS ROG Strix G15 Ryzen 7 Octa Core 4800H - (8 GB/512 GB SSD/Windows 11 Home/4 GB Graphics/NVIDIA GeF...,"? 75,990",29% off,"? 1,07,990"
72,ASUS ROG Zephyrus G14 Ryzen 7 Octa Core 4800HS - (8 GB/1 TB SSD/Windows 10 Home/4 GB Graphics/NVIDIA G...,"? 73,990",40% off,"? 1,23,990"
73,ASUS ROG Strix G15 (2021) Ryzen 7 Octa Core 4800H - (8 GB/512 GB SSD/Windows 10 Home/4 GB Graphics/NVI...,"? 76,990",15% off,"? 90,990"
74,MSI Modern 14 Ryzen 5 Hexa Core 4500U - (8 GB/512 GB SSD/Windows 10 Home) Modern 14 B4MW-423IN Thin an...,"? 39,990",35% off,"? 61,990"
75,Lenovo IdeaPad 3 Core i3 10th Gen - (8 GB/256 GB SSD/Windows 11 Home) 15IML05 Thin and Light Laptop,"? 34,490",40% off,"? 57,990"
76,Lenovo IdeaPad 3 Core i3 11th Gen - (8 GB/512 GB SSD/Windows 11 Home) 15ITL6 Thin and Light Laptop,"? 37,990",41% off,"? 64,490"
77,ASUS VivoBook 15 (2022) Core i3 10th Gen - (8 GB/512 GB SSD/Windows 11 Home) X515JA-EJ362WS Thin and L...,"? 35,990",29% off,"? 50,990"
78,HP Core i3 11th Gen - (8 GB/512 GB SSD/Windows 11 Home) 15s-fq2627TU Thin and Light Laptop,"? 39,490",23% off,"? 51,506"
79,ASUS Ryzen 7 Octa Core 5800HS - (16 GB/512 GB SSD/Windows 10 Home/4 GB Graphics) GA401QH-HZ080TS Thin ...,"? 79,990",39% off,"? 1,31,990"
80,HP Core i3 11th Gen - (8 GB/512 GB SSD/Windows 11 Home) 15s-fq2629TU Thin and Light Laptop,"? 41,990",18% off,"? 51,748"
81,Lenovo Core i3 10th Gen - (8 GB/512 GB SSD/Windows 11 Home) 15IML05 Thin and Light Laptop,"? 36,990",40% off,"? 62,190"
82,DELL Inspiron Athlon Dual Core 3050U - (8 GB/256 GB SSD/Windows 11 Home) Inspiron 3525 Notebook,"? 29,990",35% off,"? 46,263"
83,ASUS ROG Zephyrus G15 Ryzen 9 Octa Core 5900HS - (16 GB/1 TB SSD/Windows 10 Home/6 GB Graphics/NVIDIA ...,"? 1,41,990",25% off,"? 1,89,990"
84,HP Core i3 11th Gen - (8 GB/256 GB SSD/Windows 11 Home) 14s- dy2506TU Thin and Light Laptop,"? 35,990",26% off,"? 48,933"
85,ASUS Core i3 11th Gen - (8 GB/256 GB SSD/Windows 11 Home) X515EA-EJ312WS Thin and Light Laptop,"? 34,990",33% off,"? 52,990"
86,"DELL Vostro Core i3 10th Gen - (8 GB/1 TB HDD/256 GB SSD/Windows 11 Home) Vostro 3510, X9K0T Thin and ...","? 39,990",27% off,"? 54,781"
87,ASUS Vivobook Pro Ryzen 9 Octa Core 5900HX - (8 GB/1 TB SSD/Windows 10 Home/4 GB Graphics/NVIDIA GeFor...,"? 99,990",33% off,"? 1,49,990"
88,HP Ryzen 3 Quad Core 5300U - (8 GB/512 GB SSD/Windows 11 Home) 14s-fq1089au Thin and Light Laptop,"? 43,990",16% off,"? 52,900"
89,ASUS VivoBook 15 (2021) Core i3 11th Gen - (8 GB/1 TB HDD/Windows 11 Home) X515EA-BR391W Thin and Ligh...,"? 33,990",27% off,"? 46,990"
90,Lenovo IdeaPad 3 Ryzen 5 Hexa Core 5500U - (8 GB/512 GB SSD/Windows 11 Home) 15ALC6 Thin and Light Lap...,"? 47,490",30% off,"? 68,490"
91,ASUS ROG Strix G15 Ryzen 7 Octa Core 6800H - (16 GB/512 GB SSD/Windows 11 Home/4 GB Graphics/NVIDIA Ge...,"? 1,06,990",19% off,"? 1,32,990"
92,HP Pavilion Ryzen 5 Hexa Core 5600H - (8 GB/512 GB SSD/Windows 10/4 GB Graphics/NVIDIA GeForce GTX 165...,"? 54,990",27% off,"? 76,021"
93,acer Aspire 3 Dual Core 3020e - (4 GB/256 GB SSD/Windows 11 Home) A314-22 Laptop,"? 23,990",31% off,"? 34,999"
94,HP Core i5 11th Gen - (8 GB/512 GB SSD/Windows 11 Home) 15s-du3517TU Thin and Light Laptop,"? 51,490",26% off,"? 70,171"
95,ASUS ROG Strix G15 Ryzen 7 Octa Core 4800H - (8 GB/512 GB SSD/Windows 11 Home/4 GB Graphics/NVIDIA GeF...,"? 75,990",29% off,"? 1,07,990"
96,ASUS ROG Zephyrus G14 Ryzen 7 Octa Core 4800HS - (8 GB/1 TB SSD/Windows 10 Home/4 GB Graphics/NVIDIA G...,"? 73,990",40% off,"? 1,23,990"
97,ASUS ROG Strix G15 (2021) Ryzen 7 Octa Core 4800H - (8 GB/512 GB SSD/Windows 10 Home/4 GB Graphics/NVI...,"? 76,990",15% off,"? 90,990"
98,MSI Modern 14 Ryzen 5 Hexa Core 4500U - (8 GB/512 GB SSD/Windows 10 Home) Modern 14 B4MW-423IN Thin an...,"? 39,990",35% off,"? 61,990"
99,Lenovo IdeaPad 3 Core i3 10th Gen - (8 GB/256 GB SSD/Windows 11 Home) 15IML05 Thin and Light Laptop,"? 34,490",40% off,"? 57,990"
100,Lenovo IdeaPad 3 Core i3 11th Gen - (8 GB/512 GB SSD/Windows 11 Home) 15ITL6 Thin and Light Laptop,"? 37,990",41% off,"? 64,490"
101,ASUS VivoBook 15 (2022) Core i3 10th Gen - (8 GB/512 GB SSD/Windows 11 Home) X515JA-EJ362WS Thin and L...,"? 35,990",29% off,"? 50,990"
102,HP Core i3 11th Gen - (8 GB/512 GB SSD/Windows 11 Home) 15s-fq2627TU Thin and Light Laptop,"? 39,490",23% off,"? 51,506"
103,ASUS Ryzen 7 Octa Core 5800HS - (16 GB/512 GB SSD/Windows 10 Home/4 GB Graphics) GA401QH-HZ080TS Thin ...,"? 79,990",39% off,"? 1,31,990"
104,HP Core i3 11th Gen - (8 GB/512 GB SSD/Windows 11 Home) 15s-fq2629TU Thin and Light Laptop,"? 41,990",18% off,"? 51,748"
105,Lenovo Core i3 10th Gen - (8 GB/512 GB SSD/Windows 11 Home) 15IML05 Thin and Light Laptop,"? 36,990",40% off,"? 62,190"
106,DELL Inspiron Athlon Dual Core 3050U - (8 GB/256 GB SSD/Windows 11 Home) Inspiron 3525 Notebook,"? 29,990",35% off,"? 46,263"
107,ASUS ROG Zephyrus G15 Ryzen 9 Octa Core 5900HS - (16 GB/1 TB SSD/Windows 10 Home/6 GB Graphics/NVIDIA ...,"? 1,41,990",25% off,"? 1,89,990"
108,HP Core i3 11th Gen - (8 GB/256 GB SSD/Windows 11 Home) 14s- dy2506TU Thin and Light Laptop,"? 35,990",26% off,"? 48,933"
109,ASUS Core i3 11th Gen - (8 GB/256 GB SSD/Windows 11 Home) X515EA-EJ312WS Thin and Light Laptop,"? 34,990",33% off,"? 52,990"
110,"DELL Vostro Core i3 10th Gen - (8 GB/1 TB HDD/256 GB SSD/Windows 11 Home) Vostro 3510, X9K0T Thin and ...","? 39,990",27% off,"? 54,781"
111,ASUS Vivobook Pro Ryzen 9 Octa Core 5900HX - (8 GB/1 TB SSD/Windows 10 Home/4 GB Graphics/NVIDIA GeFor...,"? 99,990",33% off,"? 1,49,990"
112,HP Ryzen 3 Quad Core 5300U - (8 GB/512 GB SSD/Windows 11 Home) 14s-fq1089au Thin and Light Laptop,"? 43,990",16% off,"? 52,900"
113,ASUS VivoBook 15 (2021) Core i3 11th Gen - (8 GB/1 TB HDD/Windows 11 Home) X515EA-BR391W Thin and Ligh...,"? 33,990",27% off,"? 46,990"
114,Lenovo IdeaPad 3 Ryzen 5 Hexa Core 5500U - (8 GB/512 GB SSD/Windows 11 Home) 15ALC6 Thin and Light Lap...,"? 47,490",30% off,"? 68,490"
115,ASUS ROG Strix G15 Ryzen 7 Octa Core 6800H - (16 GB/512 GB SSD/Windows 11 Home/4 GB Graphics/NVIDIA Ge...,"? 1,06,990",19% off,"? 1,32,990"
116,HP Pavilion Ryzen 5 Hexa Core 5600H - (8 GB/512 GB SSD/Windows 10/4 GB Graphics/NVIDIA GeForce GTX 165...,"? 54,990",27% off,"? 76,021"
117,acer Aspire 3 Dual Core 3020e - (4 GB/256 GB SSD/Windows 11 Home) A314-22 Laptop,"? 23,990",31% off,"? 34,999"
118,HP Core i5 11th Gen - (8 GB/512 GB SSD/Windows 11 Home) 15s-du3517TU Thin and Light Laptop,"? 51,490",26% off,"? 70,171"
119,ASUS ROG Strix G15 Ryzen 7 Octa Core 4800H - (8 GB/512 GB SSD/Windows 11 Home/4 GB Graphics/NVIDIA GeF...,"? 75,990",29% off,"? 1,07,990"
120,ASUS ROG Zephyrus G14 Ryzen 7 Octa Core 4800HS - (8 GB/1 TB SSD/Windows 10 Home/4 GB Graphics/NVIDIA G...,"? 73,990",40% off,"? 1,23,990"
121,ASUS ROG Strix G15 (2021) Ryzen 7 Octa Core 4800H - (8 GB/512 GB SSD/Windows 10 Home/4 GB Graphics/NVI...,"? 76,990",15% off,"? 90,990"
122,MSI Modern 14 Ryzen 5 Hexa Core 4500U - (8 GB/512 GB SSD/Windows 10 Home) Modern 14 B4MW-423IN Thin an...,"? 39,990",35% off,"? 61,990"
123,Lenovo IdeaPad 3 Core i3 10th Gen - (8 GB/256 GB SSD/Windows 11 Home) 15IML05 Thin and Light Laptop,"? 34,490",40% off,"? 57,990"
124,Lenovo IdeaPad 3 Core i3 11th Gen - (8 GB/512 GB SSD/Windows 11 Home) 15ITL6 Thin and Light Laptop,"? 37,990",41% off,"? 64,490"
125,ASUS VivoBook 15 (2022) Core i3 10th Gen - (8 GB/512 GB SSD/Windows 11 Home) X515JA-EJ362WS Thin and L...,"? 35,990",29% off,"? 50,990"
126,HP Core i3 11th Gen - (8 GB/512 GB SSD/Windows 11 Home) 15s-fq2627TU Thin and Light Laptop,"? 39,490",23% off,"? 51,506"
127,ASUS Ryzen 7 Octa Core 5800HS - (16 GB/512 GB SSD/Windows 10 Home/4 GB Graphics) GA401QH-HZ080TS Thin ...,"? 79,990",39% off,"? 1,31,990"
128,HP Core i3 11th Gen - (8 GB/512 GB SSD/Windows 11 Home) 15s-fq2629TU Thin and Light Laptop,"? 41,990",18% off,"? 51,748"
129,Lenovo Core i3 10th Gen - (8 GB/512 GB SSD/Windows 11 Home) 15IML05 Thin and Light Laptop,"? 36,990",40% off,"? 62,190"
130,DELL Inspiron Athlon Dual Core 3050U - (8 GB/256 GB SSD/Windows 11 Home) Inspiron 3525 Notebook,"? 29,990",35% off,"? 46,263"
131,ASUS ROG Zephyrus G15 Ryzen 9 Octa Core 5900HS - (16 GB/1 TB SSD/Windows 10 Home/6 GB Graphics/NVIDIA ...,"? 1,41,990",25% off,"? 1,89,990"
132,HP Core i3 11th Gen - (8 GB/256 GB SSD/Windows 11 Home) 14s- dy2506TU Thin and Light Laptop,"? 35,990",26% off,"? 48,933"
133,ASUS Core i3 11th Gen - (8 GB/256 GB SSD/Windows 11 Home) X515EA-EJ312WS Thin and Light Laptop,"? 34,990",33% off,"? 52,990"
134,"DELL Vostro Core i3 10th Gen - (8 GB/1 TB HDD/256 GB SSD/Windows 11 Home) Vostro 3510, X9K0T Thin and ...","? 39,990",27% off,"? 54,781"
135,ASUS Vivobook Pro Ryzen 9 Octa Core 5900HX - (8 GB/1 TB SSD/Windows 10 Home/4 GB Graphics/NVIDIA GeFor...,"? 99,990",33% off,"? 1,49,990"
136,HP Ryzen 3 Quad Core 5300U - (8 GB/512 GB SSD/Windows 11 Home) 14s-fq1089au Thin and Light Laptop,"? 43,990",16% off,"? 52,900"
137,ASUS VivoBook 15 (2021) Core i3 11th Gen - (8 GB/1 TB HDD/Windows 11 Home) X515EA-BR391W Thin and Ligh...,"? 33,990",27% off,"? 46,990"
138,Lenovo IdeaPad 3 Ryzen 5 Hexa Core 5500U - (8 GB/512 GB SSD/Windows 11 Home) 15ALC6 Thin and Light Lap...,"? 47,490",30% off,"? 68,490"
139,ASUS ROG Strix G15 Ryzen 7 Octa Core 6800H - (16 GB/512 GB SSD/Windows 11 Home/4 GB Graphics/NVIDIA Ge...,"? 1,06,990",19% off,"? 1,32,990"
140,HP Pavilion Ryzen 5 Hexa Core 5600H - (8 GB/512 GB SSD/Windows 10/4 GB Graphics/NVIDIA GeForce GTX 165...,"? 54,990",27% off,"? 76,021"
141,acer Aspire 3 Dual Core 3020e - (4 GB/256 GB SSD/Windows 11 Home) A314-22 Laptop,"? 23,990",31% off,"? 34,999"
142,HP Core i5 11th Gen - (8 GB/512 GB SSD/Windows 11 Home) 15s-du3517TU Thin and Light Laptop,"? 51,490",26% off,"? 70,171"
143,ASUS ROG Strix G15 Ryzen 7 Octa Core 4800H - (8 GB/512 GB SSD/Windows 11 Home/4 GB Graphics/NVIDIA GeF...,"? 75,990",29% off,"? 1,07,990"
144,ASUS ROG Zephyrus G14 Ryzen 7 Octa Core 4800HS - (8 GB/1 TB SSD/Windows 10 Home/4 GB Graphics/NVIDIA G...,"? 73,990",40% off,"? 1,23,990"
145,ASUS ROG Strix G15 (2021) Ryzen 7 Octa Core 4800H - (8 GB/512 GB SSD/Windows 10 Home/4 GB Graphics/NVI...,"? 76,990",15% off,"? 90,990"
146,MSI Modern 14 Ryzen 5 Hexa Core 4500U - (8 GB/512 GB SSD/Windows 10 Home) Modern 14 B4MW-423IN Thin an...,"? 39,990",35% off,"? 61,990"
147,Lenovo IdeaPad 3 Core i3 10th Gen - (8 GB/256 GB SSD/Windows 11 Home) 15IML05 Thin and Light Laptop,"? 34,490",40% off,"? 57,990"
148,Lenovo IdeaPad 3 Core i3 11th Gen - (8 GB/512 GB SSD/Windows 11 Home) 15ITL6 Thin and Light Laptop,"? 37,990",41% off,"? 64,490"
149,ASUS VivoBook 15 (2022) Core i3 10th Gen - (8 GB/512 GB SSD/Windows 11 Home) X515JA-EJ362WS Thin and L...,"? 35,990",29% off,"? 50,990"
150,HP Core i3 11th Gen - (8 GB/512 GB SSD/Windows 11 Home) 15s-fq2627TU Thin and Light Laptop,"? 39,490",23% off,"? 51,506"
151,ASUS Ryzen 7 Octa Core 5800HS - (16 GB/512 GB SSD/Windows 10 Home/4 GB Graphics) GA401QH-HZ080TS Thin ...,"? 79,990",39% off,"? 1,31,990"
152,HP Core i3 11th Gen - (8 GB/512 GB SSD/Windows 11 Home) 15s-fq2629TU Thin and Light Laptop,"? 41,990",18% off,"? 51,748"
153,Lenovo Core i3 10th Gen - (8 GB/512 GB SSD/Windows 11 Home) 15IML05 Thin and Light Laptop,"? 36,990",40% off,"? 62,190"
154,DELL Inspiron Athlon Dual Core 3050U - (8 GB/256 GB SSD/Windows 11 Home) Inspiron 3525 Notebook,"? 29,990",35% off,"? 46,263"
155,ASUS ROG Zephyrus G15 Ryzen 9 Octa Core 5900HS - (16 GB/1 TB SSD/Windows 10 Home/6 GB Graphics/NVIDIA ...,"? 1,41,990",25% off,"? 1,89,990"
156,HP Core i3 11th Gen - (8 GB/256 GB SSD/Windows 11 Home) 14s- dy2506TU Thin and Light Laptop,"? 35,990",26% off,"? 48,933"
157,ASUS Core i3 11th Gen - (8 GB/256 GB SSD/Windows 11 Home) X515EA-EJ312WS Thin and Light Laptop,"? 34,990",33% off,"? 52,990"
158,"DELL Vostro Core i3 10th Gen - (8 GB/1 TB HDD/256 GB SSD/Windows 11 Home) Vostro 3510, X9K0T Thin and ...","? 39,990",27% off,"? 54,781"
159,ASUS Vivobook Pro Ryzen 9 Octa Core 5900HX - (8 GB/1 TB SSD/Windows 10 Home/4 GB Graphics/NVIDIA GeFor...,"? 99,990",33% off,"? 1,49,990"
160,HP Ryzen 3 Quad Core 5300U - (8 GB/512 GB SSD/Windows 11 Home) 14s-fq1089au Thin and Light Laptop,"? 43,990",16% off,"? 52,900"
161,ASUS VivoBook 15 (2021) Core i3 11th Gen - (8 GB/1 TB HDD/Windows 11 Home) X515EA-BR391W Thin and Ligh...,"? 33,990",27% off,"? 46,990"
162,Lenovo IdeaPad 3 Ryzen 5 Hexa Core 5500U - (8 GB/512 GB SSD/Windows 11 Home) 15ALC6 Thin and Light Lap...,"? 47,490",30% off,"? 68,490"
163,ASUS ROG Strix G15 Ryzen 7 Octa Core 6800H - (16 GB/512 GB SSD/Windows 11 Home/4 GB Graphics/NVIDIA Ge...,"? 1,06,990",19% off,"? 1,32,990"
164,HP Pavilion Ryzen 5 Hexa Core 5600H - (8 GB/512 GB SSD/Windows 10/4 GB Graphics/NVIDIA GeForce GTX 165...,"? 54,990",27% off,"? 76,021"
165,acer Aspire 3 Dual Core 3020e - (4 GB/256 GB SSD/Windows 11 Home) A314-22 Laptop,"? 23,990",31% off,"? 34,999"
166,HP Core i5 11th Gen - (8 GB/512 GB SSD/Windows 11 Home) 15s-du3517TU Thin and Light Laptop,"? 51,490",26% off,"? 70,171"
167,ASUS ROG Strix G15 Ryzen 7 Octa Core 4800H - (8 GB/512 GB SSD/Windows 11 Home/4 GB Graphics/NVIDIA GeF...,"? 75,990",29% off,"? 1,07,990"
168,ASUS ROG Zephyrus G14 Ryzen 7 Octa Core 4800HS - (8 GB/1 TB SSD/Windows 10 Home/4 GB Graphics/NVIDIA G...,"? 73,990",40% off,"? 1,23,990"
169,ASUS ROG Strix G15 (2021) Ryzen 7 Octa Core 4800H - (8 GB/512 GB SSD/Windows 10 Home/4 GB Graphics/NVI...,"? 76,990",15% off,"? 90,990"
170,MSI Modern 14 Ryzen 5 Hexa Core 4500U - (8 GB/512 GB SSD/Windows 10 Home) Modern 14 B4MW-423IN Thin an...,"? 39,990",35% off,"? 61,990"
171,Lenovo IdeaPad 3 Core i3 10th Gen - (8 GB/256 GB SSD/Windows 11 Home) 15IML05 Thin and Light Laptop,"? 34,490",40% off,"? 57,990"
172,Lenovo IdeaPad 3 Core i3 11th Gen - (8 GB/512 GB SSD/Windows 11 Home) 15ITL6 Thin and Light Laptop,"? 37,990",41% off,"? 64,490"
173,ASUS VivoBook 15 (2022) Core i3 10th Gen - (8 GB/512 GB SSD/Windows 11 Home) X515JA-EJ362WS Thin and L...,"? 35,990",29% off,"? 50,990"
174,HP Core i3 11th Gen - (8 GB/512 GB SSD/Windows 11 Home) 15s-fq2627TU Thin and Light Laptop,"? 39,490",23% off,"? 51,506"
175,ASUS Ryzen 7 Octa Core 5800HS - (16 GB/512 GB SSD/Windows 10 Home/4 GB Graphics) GA401QH-HZ080TS Thin ...,"? 79,990",39% off,"? 1,31,990"
176,HP Core i3 11th Gen - (8 GB/512 GB SSD/Windows 11 Home) 15s-fq2629TU Thin and Light Laptop,"? 41,990",18% off,"? 51,748"
177,Lenovo Core i3 10th Gen - (8 GB/512 GB SSD/Windows 11 Home) 15IML05 Thin and Light Laptop,"? 36,990",40% off,"? 62,190"
178,DELL Inspiron Athlon Dual Core 3050U - (8 GB/256 GB SSD/Windows 11 Home) Inspiron 3525 Notebook,"? 29,990",35% off,"? 46,263"
179,ASUS ROG Zephyrus G15 Ryzen 9 Octa Core 5900HS - (16 GB/1 TB SSD/Windows 10 Home/6 GB Graphics/NVIDIA ...,"? 1,41,990",25% off,"? 1,89,990"
180,HP Core i3 11th Gen - (8 GB/256 GB SSD/Windows 11 Home) 14s- dy2506TU Thin and Light Laptop,"? 35,990",26% off,"? 48,933"
181,ASUS Core i3 11th Gen - (8 GB/256 GB SSD/Windows 11 Home) X515EA-EJ312WS Thin and Light Laptop,"? 34,990",33% off,"? 52,990"
182,"DELL Vostro Core i3 10th Gen - (8 GB/1 TB HDD/256 GB SSD/Windows 11 Home) Vostro 3510, X9K0T Thin and ...","? 39,990",27% off,"? 54,781"
183,ASUS Vivobook Pro Ryzen 9 Octa Core 5900HX - (8 GB/1 TB SSD/Windows 10 Home/4 GB Graphics/NVIDIA GeFor...,"? 99,990",33% off,"? 1,49,990"
184,HP Ryzen 3 Quad Core 5300U - (8 GB/512 GB SSD/Windows 11 Home) 14s-fq1089au Thin and Light Laptop,"? 43,990",16% off,"? 52,900"
185,ASUS VivoBook 15 (2021) Core i3 11th Gen - (8 GB/1 TB HDD/Windows 11 Home) X515EA-BR391W Thin and Ligh...,"? 33,990",27% off,"? 46,990"
186,Lenovo IdeaPad 3 Ryzen 5 Hexa Core 5500U - (8 GB/512 GB SSD/Windows 11 Home) 15ALC6 Thin and Light Lap...,"? 47,490",30% off,"? 68,490"
187,ASUS ROG Strix G15 Ryzen 7 Octa Core 6800H - (16 GB/512 GB SSD/Windows 11 Home/4 GB Graphics/NVIDIA Ge...,"? 1,06,990",19% off,"? 1,32,990"
188,HP Pavilion Ryzen 5 Hexa Core 5600H - (8 GB/512 GB SSD/Windows 10/4 GB Graphics/NVIDIA GeForce GTX 165...,"? 54,990",27% off,"? 76,021"
189,acer Aspire 3 Dual Core 3020e - (4 GB/256 GB SSD/Windows 11 Home) A314-22 Laptop,"? 23,990",31% off,"? 34,999"
190,HP Core i5 11th Gen - (8 GB/512 GB SSD/Windows 11 Home) 15s-du3517TU Thin and Light Laptop,"? 51,490",26% off,"? 70,171"
191,ASUS ROG Strix G15 Ryzen 7 Octa Core 4800H - (8 GB/512 GB SSD/Windows 11 Home/4 GB Graphics/NVIDIA GeF...,"? 75,990",29% off,"? 1,07,990"
192,ASUS ROG Zephyrus G14 Ryzen 7 Octa Core 4800HS - (8 GB/1 TB SSD/Windows 10 Home/4 GB Graphics/NVIDIA G...,"? 73,990",40% off,"? 1,23,990"
193,ASUS ROG Strix G15 (2021) Ryzen 7 Octa Core 4800H - (8 GB/512 GB SSD/Windows 10 Home/4 GB Graphics/NVI...,"? 76,990",15% off,"? 90,990"
194,MSI Modern 14 Ryzen 5 Hexa Core 4500U - (8 GB/512 GB SSD/Windows 10 Home) Modern 14 B4MW-423IN Thin an...,"? 39,990",35% off,"? 61,990"
195,Lenovo IdeaPad 3 Core i3 10th Gen - (8 GB/256 GB SSD/Windows 11 Home) 15IML05 Thin and Light Laptop,"? 34,490",40% off,"? 57,990"
196,Lenovo IdeaPad 3 Core i3 11th Gen - (8 GB/512 GB SSD/Windows 11 Home) 15ITL6 Thin and Light Laptop,"? 37,990",41% off,"? 64,490"
197,ASUS VivoBook 15 (2022) Core i3 10th Gen - (8 GB/512 GB SSD/Windows 11 Home) X515JA-EJ362WS Thin and L...,"? 35,990",29% off,"? 50,990"
198,HP Core i3 11th Gen - (8 GB/512 GB SSD/Windows 11 Home) 15s-fq2627TU Thin and Light Laptop,"? 39,490",23% off,"? 51,506"
199,ASUS Ryzen 7 Octa Core 5800HS - (16 GB/512 GB SSD/Windows 10 Home/4 GB Graphics) GA401QH-HZ080TS Thin ...,"? 79,990",39% off,"? 1,31,990"
200,HP Core i3 11th Gen - (8 GB/512 GB SSD/Windows 11 Home) 15s-fq2629TU Thin and Light Laptop,"? 41,990",18% off,"? 51,748"
201,Lenovo Core i3 10th Gen - (8 GB/512 GB SSD/Windows 11 Home) 15IML05 Thin and Light Laptop,"? 36,990",40% off,"? 62,190"
202,DELL Inspiron Athlon Dual Core 3050U - (8 GB/256 GB SSD/Windows 11 Home) Inspiron 3525 Notebook,"? 29,990",35% off,"? 46,263"
203,ASUS ROG Zephyrus G15 Ryzen 9 Octa Core 5900HS - (16 GB/1 TB SSD/Windows 10 Home/6 GB Graphics/NVIDIA ...,"? 1,41,990",25% off,"? 1,89,990"
204,HP Core i3 11th Gen - (8 GB/256 GB SSD/Windows 11 Home) 14s- dy2506TU Thin and Light Laptop,"? 35,990",26% off,"? 48,933"
205,ASUS Core i3 11th Gen - (8 GB/256 GB SSD/Windows 11 Home) X515EA-EJ312WS Thin and Light Laptop,"? 34,990",33% off,"? 52,990"
206,"DELL Vostro Core i3 10th Gen - (8 GB/1 TB HDD/256 GB SSD/Windows 11 Home) Vostro 3510, X9K0T Thin and ...","? 39,990",27% off,"? 54,781"
207,ASUS Vivobook Pro Ryzen 9 Octa Core 5900HX - (8 GB/1 TB SSD/Windows 10 Home/4 GB Graphics/NVIDIA GeFor...,"? 99,990",33% off,"? 1,49,990"
208,HP Ryzen 3 Quad Core 5300U - (8 GB/512 GB SSD/Windows 11 Home) 14s-fq1089au Thin and Light Laptop,"? 43,990",16% off,"? 52,900"
209,ASUS VivoBook 15 (2021) Core i3 11th Gen - (8 GB/1 TB HDD/Windows 11 Home) X515EA-BR391W Thin and Ligh...,"? 33,990",27% off,"? 46,990"
210,Lenovo IdeaPad 3 Ryzen 5 Hexa Core 5500U - (8 GB/512 GB SSD/Windows 11 Home) 15ALC6 Thin and Light Lap...,"? 47,490",30% off,"? 68,490"
211,ASUS ROG Strix G15 Ryzen 7 Octa Core 6800H - (16 GB/512 GB SSD/Windows 11 Home/4 GB Graphics/NVIDIA Ge...,"? 1,06,990",19% off,"? 1,32,990"
212,HP Pavilion Ryzen 5 Hexa Core 5600H - (8 GB/512 GB SSD/Windows 10/4 GB Graphics/NVIDIA GeForce GTX 165...,"? 54,990",27% off,"? 76,021"
213,acer Aspire 3 Dual Core 3020e - (4 GB/256 GB SSD/Windows 11 Home) A314-22 Laptop,"? 23,990",31% off,"? 34,999"
214,HP Core i5 11th Gen - (8 GB/512 GB SSD/Windows 11 Home) 15s-du3517TU Thin and Light Laptop,"? 51,490",26% off,"? 70,171"
215,ASUS ROG Strix G15 Ryzen 7 Octa Core 4800H - (8 GB/512 GB SSD/Windows 11 Home/4 GB Graphics/NVIDIA GeF...,"? 75,990",29% off,"? 1,07,990"
216,ASUS ROG Zephyrus G14 Ryzen 7 Octa Core 4800HS - (8 GB/1 TB SSD/Windows 10 Home/4 GB Graphics/NVIDIA G...,"? 73,990",40% off,"? 1,23,990"
217,ASUS ROG Strix G15 (2021) Ryzen 7 Octa Core 4800H - (8 GB/512 GB SSD/Windows 10 Home/4 GB Graphics/NVI...,"? 76,990",15% off,"? 90,990"
218,MSI Modern 14 Ryzen 5 Hexa Core 4500U - (8 GB/512 GB SSD/Windows 10 Home) Modern 14 B4MW-423IN Thin an...,"? 39,990",35% off,"? 61,990"
219,Lenovo IdeaPad 3 Core i3 10th Gen - (8 GB/256 GB SSD/Windows 11 Home) 15IML05 Thin and Light Laptop,"? 34,490",40% off,"? 57,990"
220,Lenovo IdeaPad 3 Core i3 11th Gen - (8 GB/512 GB SSD/Windows 11 Home) 15ITL6 Thin and Light Laptop,"? 37,990",41% off,"? 64,490"
221,ASUS VivoBook 15 (2022) Core i3 10th Gen - (8 GB/512 GB SSD/Windows 11 Home) X515JA-EJ362WS Thin and L...,"? 35,990",29% off,"? 50,990"
222,HP Core i3 11th Gen - (8 GB/512 GB SSD/Windows 11 Home) 15s-fq2627TU Thin and Light Laptop,"? 39,490",23% off,"? 51,506"
223,ASUS Ryzen 7 Octa Core 5800HS - (16 GB/512 GB SSD/Windows 10 Home/4 GB Graphics) GA401QH-HZ080TS Thin ...,"? 79,990",39% off,"? 1,31,990"
224,HP Core i3 11th Gen - (8 GB/512 GB SSD/Windows 11 Home) 15s-fq2629TU Thin and Light Laptop,"? 41,990",18% off,"? 51,748"
225,Lenovo Core i3 10th Gen - (8 GB/512 GB SSD/Windows 11 Home) 15IML05 Thin and Light Laptop,"? 36,990",40% off,"? 62,190"
226,DELL Inspiron Athlon Dual Core 3050U - (8 GB/256 GB SSD/Windows 11 Home) Inspiron 3525 Notebook,"? 29,990",35% off,"? 46,263"
227,ASUS ROG Zephyrus G15 Ryzen 9 Octa Core 5900HS - (16 GB/1 TB SSD/Windows 10 Home/6 GB Graphics/NVIDIA ...,"? 1,41,990",25% off,"? 1,89,990"
228,HP Core i3 11th Gen - (8 GB/256 GB SSD/Windows 11 Home) 14s- dy2506TU Thin and Light Laptop,"? 35,990",26% off,"? 48,933"
229,ASUS Core i3 11th Gen - (8 GB/256 GB SSD/Windows 11 Home) X515EA-EJ312WS Thin and Light Laptop,"? 34,990",33% off,"? 52,990"
230,"DELL Vostro Core i3 10th Gen - (8 GB/1 TB HDD/256 GB SSD/Windows 11 Home) Vostro 3510, X9K0T Thin and ...","? 39,990",27% off,"? 54,781"
231,ASUS Vivobook Pro Ryzen 9 Octa Core 5900HX - (8 GB/1 TB SSD/Windows 10 Home/4 GB Graphics/NVIDIA GeFor...,"? 99,990",33% off,"? 1,49,990"
232,HP Ryzen 3 Quad Core 5300U - (8 GB/512 GB SSD/Windows 11 Home) 14s-fq1089au Thin and Light Laptop,"? 43,990",16% off,"? 52,900"
233,ASUS VivoBook 15 (2021) Core i3 11th Gen - (8 GB/1 TB HDD/Windows 11 Home) X515EA-BR391W Thin and Ligh...,"? 33,990",27% off,"? 46,990"
234,Lenovo IdeaPad 3 Ryzen 5 Hexa Core 5500U - (8 GB/512 GB SSD/Windows 11 Home) 15ALC6 Thin and Light Lap...,"? 47,490",30% off,"? 68,490"
235,ASUS ROG Strix G15 Ryzen 7 Octa Core 6800H - (16 GB/512 GB SSD/Windows 11 Home/4 GB Graphics/NVIDIA Ge...,"? 1,06,990",19% off,"? 1,32,990"
236,HP Pavilion Ryzen 5 Hexa Core 5600H - (8 GB/512 GB SSD/Windows 10/4 GB Graphics/NVIDIA GeForce GTX 165...,"? 54,990",27% off,"? 76,021"
237,acer Aspire 3 Dual Core 3020e - (4 GB/256 GB SSD/Windows 11 Home) A314-22 Laptop,"? 23,990",31% off,"? 34,999"
238,HP Core i5 11th Gen - (8 GB/512 GB SSD/Windows 11 Home) 15s-du3517TU Thin and Light Laptop,"? 51,490",26% off,"? 70,171"
239,ASUS ROG Strix G15 Ryzen 7 Octa Core 4800H - (8 GB/512 GB SSD/Windows 11 Home/4 GB Graphics/NVIDIA GeF...,"? 75,990",29% off,"? 1,07,990"
